,chrom,pos,period,prior,family,child,phenotype,posterior,newallele,mutsize,inparents,poocase,isnew,case_count,ctrl_count,unk_count,child_gt,mat_gt,pat_gt,encl_child,encl_mother,encl_father,encl_parent,long_mother,long_father,phase
0,2,34119626,2,1e-08,11462,SSC02332,2,-1,38,5,0,2,1,0,0,0,"19,38","19,29","23,33",5,0,0,0,0,0,phase2
1,4,78629320,2,1e-08,11447,SSC00452,2,-1,43,5,0,4,1,0,0,0,"43,50","22,38","19,28",0,0,0,0,0,0,phase2
2,10,107285591,5,1e-08,14350,SSC10652,1,-1,19,6,0,4,1,0,0,0,"13,19","12,13","12,13",6,0,0,0,0,0,phase2
3,7,1023625,2,1e-08,13890,SSC09557,1,-1,39,9,0,3,1,0,0,0,"22,39","21,30","22,27",0,0,0,0,0,0,phase3_1
4,7,92688582,2,1e-08,14329,SSC11980,2,-1,33,6,0,4,1,0,0,0,"27,33","25,27","26,27",0,0,0,0,0,0,phase1
5,19,8694854,2,1e-08,12390,SSC04518,2,-1,41,13,0,4,1,0,0,0,"25,41","24,25","25,28",0,0,0,0,0,0,phase1
6,12,23726119,2,1e-08,12975,SSC06417,2,-1,34,6,0,2,1,0,0,0,"27,34","13,27","13,28",0,0,0,0,0,0,phase3_1
7,7,39005485,2,1e-08,13606,SSC07998,2,-1,46,18,0,4,1,0,0,0,"28,46","19,28","27,28",0,0,0,0,0,0,phase3_1
8,5,152863986,2,1e-08,14247,SSC11086,2,-1,39,18,0,3,1,0,0,0,"17,39","16,21","17,18",0,0,0,0,0,0,phase3_2
9,6,120460511,5,1e-08,13333,SSC07249,2,-1,15,5,0,4,1,0,0,0,"6,15","6,10","6,7",3,0,0,0,0,0,phase3_1
10,7,54111194,2,1e-08,13532,SSC07842,2,-1,42,13,0,4,1,0,0,0,"22,42","22,26","22,29",0,0,0,0,0,0,phase1
11,15,22963495,5,1e-08,14565,SSC12638,1,-1,23,7,0,3,1,0,0,0,"12,23","10,16","11,12",0,0,0,0,0,0,phase2
12,2,44497710,2,1e-08,14257,SSC11167,1,-1,46,20,0,3,1,0,0,0,"25,46","17,26","24,25",0,0,0,0,0,0,phase3_1
13,14,83715680,2,1e-08,14336,SSC11779,1,-1,31,8,0,3,1,0,0,0,"21,31","20,23","18,21",4,0,0,0,0,0,phase3_1
14,12,50505002,3,1e-08,14066,SSC10386,2,-1,30,12,0,2,1,0,0,0,"16,30","7,16","7,18",0,0,0,0,0,0,phase3_1
15,4,152264129,2,1e-08,12189,SSC04668,1,-1,31,11,0,2,1,0,0,0,"15,31","15,22","9,20",0,0,0,0,0,0,phase2
16,17,51831668,3,1e-08,13869,SSC09204,2,-1,38,11,0,4,1,0,0,0,"21,38","21,27","10,21",0,0,0,0,0,0,phase2
17,1,164716686,2,1e-08,12497,SSC06431,2,-1,30,5,0,2,1,0,0,0,"18,30","18,21","22,25",8,0,0,0,0,0,phase1
18,2,30304937,2,1e-08,11078,SSC00009,1,-1,32,11,0,2,1,0,0,0,"17,32","17,22","20,21",2,0,0,0,0,0,phase2
19,2,30304937,2,1e-08,13981,SSC09904,2,-1,29,12,0,3,1,0,0,0,"19,29","10,17","18,19",6,0,0,0,0,0,phase2
20,5,178644795,2,1e-08,12775,SSC05959,1,-1,35,14,0,3,1,0,0,0,"19,35","20,21","16,19",0,0,0,0,0,0,phase2
21,7,100634178,2,1e-08,13629,SSC08261,2,-1,27,7,0,4,1,0,0,0,"12,27","12,12","12,20",8,0,0,0,0,0,phase1
22,11,110884225,2,1e-08,11099,SSC03731,1,-1,30,8,0,4,1,0,0,0,"30,32","18,22","18,19",3,0,0,0,0,0,phase1
23,11,126091248,5,1e-08,13177,SSC07523,2,-1,17,6,0,3,1,0,0,0,"8,17","10,11","8,10",3,0,0,0,0,0,phase3_1
24,3,31216580,2,1e-08,13387,SSC07767,2,-1,38,8,0,4,1,0,0,0,"27,38","27,30","23,27",0,0,0,0,0,0,phase2
25,1,108180617,2,1e-08,14044,SSC09587,2,-1,38,13,0,2,1,0,0,0,"16,38","16,21","24,25",0,0,0,0,0,0,phase3_1
26,19,32721680,5,1e-08,13296,SSC06852,1,-1,21,8,0,2,1,0,0,0,"10,21","9,10","11,13",0,0,0,0,0,0,phase2
27,12,89164804,2,1e-08,12623,SSC05132,1,-1,28,15,0,4,1,0,0,0,"13,28","13,13","13,13",6,0,0,0,0,0,phase1
28,7,150755610,2,1e-08,13706,SSC08992,2,-1,28,13,0,2,1,0,0,0,"13,28","13,14","14,15",0,0,0,0,0,0,phase1
29,18,591973,2,1e-08,12320,SSC04431,2,-1,46,15,0,4,1,0,0,0,"17,46","17,31","17,30",0,0,0,0,0,0,phase1
30,18,591973,2,1e-08,12733,SSC05872,2,-1,38,9,0,3,1,0,0,0,"17,38","21,29","17,28",0,0,0,0,0,0,phase1
31,3,5788918,14,1e-08,13977,SSC09834,1,-1,13,5,0,2,1,0,0,0,"9,13","8,9","6,8",0,0,0,0,0,0,phase3_1
32,7,131868327,2,1e-08,14695,SSC12117,2,-1,38,10,0,3,1,0,0,0,"31,38","24,28","25,31",0,0,0,0,0,0,phase2
33,8,104730454,2,1e-08,11276,SSC03122,1,-1,32,13,0,4,1,0,0,0,"18,32","18,19","18,19",0,0,0,0,0,0,phase2
34,12,2420103,2,1e-08,13116,SSC07739,1,-1,37,13,0,4,1,0,0,0,"24,37","22,24","23,24",0,0,0,0,0,0,phase1
35,6,41155376,2,1e-08,13028,SSC07070,1,-1,29,12,0,2,1,0,0,0,"15,29","15,16","16,17",7,0,0,0,0,0,phase1
37,2,45432004,4,1e-08,11863,SSC03063,2,-1,16,6,0,4,1,0,0,0,"10,16","10,10","10,10",15,0,0,0,0,0,phase2
38,9,123740900,2,1e-08,14181,SSC10547,1,-1,39,15,0,4,1,0,0,0,"22,39","22,24","22,23",0,0,0,0,0,0,phase3_1
39,16,86777643,2,1e-08,14658,SSC12080,2,-1,38,15,0,4,1,0,0,0,"14,38","14,23","13,14",0,0,0,0,0,0,phase1
40,6,143427097,2,1e-08,12784,SSC05570,2,-1,33,10,0,4,1,0,0,0,"21,33","21,21","21,23",8,0,0,0,0,0,phase3_1
41,21,40453041,2,1e-08,13306,SSC07180,1,-1,31,9,0,4,1,0,0,0,"21,31","21,22","19,21",2,0,0,0,0,0,phase3_1
42,12,115909728,5,1e-08,14114,SSC11051,1,-1,17,5,0,3,1,0,0,0,"11,17","8,12","11,12",0,0,0,0,0,0,phase3_1
43,5,123962238,2,1e-08,11277,SSC02819,2,-1,20,5,0,4,1,0,0,0,"12,20","12,15","12,12",8,0,0,0,0,0,phase3_2
44,2,57120223,2,1e-08,14492,SSC12072,1,-1,24,6,0,4,1,0,0,0,"12,24","11,12","12,18",0,0,0,0,0,0,phase2
45,18,30625693,2,1e-08,11436,SSC02516,1,-1,34,7,0,3,1,0,0,0,"21,34","23,27","21,25",0,0,0,0,0,0,phase3_2
46,2,233086120,4,1e-08,12731,SSC12955,1,-1,26,5,0,4,1,0,0,0,"26,28","18,19","15,21",0,0,0,0,0,0,phase1
47,12,31108534,4,1e-08,12605,SSC06556,1,-1,14,5,0,3,1,0,0,0,"8,14","7,9","7,8",0,0,0,0,0,0,phase1
48,9,27573529,6,1e-08,13750,SSC08926,2,-1,14,5,0,2,1,0,0,0,"2,14","2,7","5,9",0,0,0,0,0,0,phase1
49,20,63015968,10,1e-08,12150,SSC03870,2,-1,17,6,0,4,1,0,0,0,"3,17","3,11","3,6",0,0,0,0,0,0,phase3_1
50,17,48677964,2,1e-08,13396,SSC07834,1,-1,36,9,0,2,1,0,0,0,"20,36","20,24","24,27",0,0,0,0,0,0,phase2
52,9,103006018,2,1e-08,12940,SSC06849,1,-1,41,10,0,3,1,0,0,0,"25,41","30,31","21,25",0,0,0,0,0,0,phase2
53,14,97155210,2,1e-08,11508,SSC02393,2,-1,24,6,0,4,1,1,0,0,"18,24","18,18","18,18",17,0,0,0,0,0,phase1
54,3,183712192,5,1e-08,13920,SSC09723,1,-1,16,5,0,3,1,0,0,0,"8,16","7,11","7,8",0,0,0,0,0,0,phase2
55,17,14300434,2,1e-08,13471,SSC06322,1,-1,30,7,0,4,1,0,0,0,"23,30","15,23","19,23",7,0,0,0,0,0,phase3_1
56,5,77551981,5,1e-08,14644,SSC12112,1,-1,22,8,0,2,1,0,0,0,"16,22","15,16","13,14",0,0,0,0,0,0,phase3_1
57,1,156817048,2,1e-08,11993,SSC03678,2,-1,36,12,0,2,1,0,0,0,"23,36","14,23","17,24",0,0,0,0,0,0,phase1
58,10,128010546,5,1e-08,14292,SSC11084,1,-1,20,6,0,3,1,0,0,0,"9,20","10,14","9,10",0,0,0,0,0,0,phase3_1
59,2,70561093,4,1e-08,14005,SSC10306,1,-1,19,5,0,4,1,0,0,0,"14,19","13,14","13,14",3,0,0,0,0,0,phase1
60,16,50672497,2,1e-08,12733,SSC05872,2,-1,28,5,0,2,1,0,0,0,"22,28","22,22","23,23",10,0,0,0,0,0,phase1
61,13,112811162,2,1e-08,13886,SSC08840,1,-1,33,5,0,3,1,0,0,0,"25,33","21,28","25,26",0,0,0,0,0,0,phase2
62,6,16687658,2,1e-08,14327,SSC11558,2,-1,23,7,0,4,1,0,0,0,"16,23","16,16","16,16",15,0,0,0,0,0,phase3_1
63,8,8429599,2,1e-08,11845,SSC12225,2,-1,32,12,0,3,1,0,0,0,"19,32","18,20","15,19",0,0,0,0,0,0,phase1
64,5,23931476,2,1e-08,14076,SSC10384,1,-1,45,13,0,4,1,0,0,0,"21,45","21,23","21,32",0,0,0,0,0,0,phase1
65,17,7885308,3,1e-08,14649,SSC12349,2,-1,28,8,0,3,1,0,0,0,"19,28","11,20","12,19",0,0,0,0,0,0,phase2
66,3,133370872,2,1e-08,13234,SSC07284,2,-1,29,10,0,2,1,0,0,0,"22,29","14,22","14,19",5,0,0,0,0,0,phase3_1
67,19,8156492,5,1e-08,12367,SSC04378,1,-1,19,6,0,4,1,0,0,0,"10,19","9,10","10,13",0,0,0,0,0,0,phase1
68,1,161851142,2,1e-08,12420,SSC04693,2,-1,24,5,0,2,1,0,0,0,"16,24","16,22","15,19",0,0,0,0,0,0,phase3_1
69,21,37563882,6,1e-08,12565,SSC05641,1,-1,17,6,0,4,1,0,0,0,"3,17","3,4","3,11",5,0,0,0,0,0,phase3_1
70,17,39183338,3,1e-08,12780,SSC05611,1,-1,25,7,0,3,1,0,0,0,"8,25","9,18","8,9",0,0,0,0,0,0,phase2
71,11,36270138,2,1e-08,13916,SSC09590,2,-1,27,7,0,2,1,0,0,0,"14,27","14,19","15,20",0,0,0,0,0,0,phase3_1
72,5,59131598,2,1e-08,14360,SSC11642,2,-1,27,6,0,4,1,0,0,0,"16,27","16,21","16,16",8,0,0,0,0,0,phase1
73,16,20691752,2,1e-08,13513,SSC07968,2,-1,31,6,0,2,1,0,0,0,"24,31","22,24","18,25",8,0,0,0,0,0,phase3_1
74,1,28247135,4,1e-08,14267,SSC10995,1,-1,23,6,0,4,1,0,0,0,"6,23","6,13","6,17",0,0,0,0,0,0,phase2
